Code Formation ,Pr√©requis Techniques 
7023,Ordinateur (Micro + Cam )
7023,Connexion Internet 
7031,Ordinateur (Micro + Cam )
7031,Windows (EBP PRO)
7031,Connexion Internet 
7005,Ordinateur (Micro + Cam )
7005,Connexion Internet 
7020,Ordinateur (Micro + Cam )
7020,Windows (EBP PRO)
7020,Connexion Internet 
7003,Ordinateur (Micro + Cam )
7003,Connexion Internet 
7008,Ordinateur (Micro + Cam )
7008,Windows (EBP PRO)
7008,Connexion Internet 
7200,Ordinateur (Micro + Cam )
7200,Windows (EBP PRO)
7200,Connexion Internet 
7024,Ordinateur (Micro + Cam )
7024,Windows (EBP PRO)
7024,Connexion Internet 
7027,Ordinateur (Micro + Cam)
7027,Windows (EBP PRO)
7027,Connexion Internet 
7032,Ordinateur (Micro + Cam)
7032,Windows (EBP PRO)
7032,Connexion Internet 
7033,Ordinateur (Micro + Cam)
7033,Windows (EBP PRO)
7033,Connexion Internet 
7034,Ordinateur (Micro + Cam)
7034,Windows (EBP PRO)
7034,Connexion Internet 
7210,Ordinateur (Micro + Cam)
7210,Windows (EBP PRO)
7210,Connexion Internet 
7220,Ordinateur (Micro + Cam)
7220,Windows (EBP PRO)
7220,Connexion Internet 
7230,Ordinateur (Micro + Cam)
7230,Windows (EBP PRO)
7230,Connexion Internet 
4700,Ordinateur (Micro + Cam)
4700,Windows (EBP PRO)
4700,Connexion Internet 
4701,Ordinateur (Micro + Cam)
4701,Windows (EBP PRO)
4701,Connexion Internet 
4200,Ordinateur (Micro + Cam)
4200,Windows (EBP PRO)
4200,Connexion Internet 
4600,Ordinateur (Micro + Cam) 
4600,Connexion Internet 
6100,Ordinateur (Micro + Cam)
6100,Windows (EBP PRO)
6100,Connexion Internet 
7026,Ordinateur (Micro + Cam)
7026,Windows (EBP PRO)
7026,Connexion Internet 
7009,Ordinateur (Micro + Cam)
7009,Windows (EBP PRO)
7009,Connexion Internet 
7021,Ordinateur (Micro + Cam)
7021,Windows (EBP PRO)
7021,Connexion Internet 
7002,Ordinateur (Micro + Cam) 
7002,Connexion Internet 
7000,Ordinateur (Micro + Cam) 
7000,Connexion Internet 
7001,Ordinateur (Micro + Cam) 
7001,Connexion Internet 
